,Asset_Class,Mean_Daily_Return,Std_Daily_Return,Annualized_Return,Annualized_Volatility,Realized_Vol_30d,Realized_Vol_90d,Realized_Vol_252d,Sharpe_Ratio,Sortino_Ratio,Max_Drawdown,Calmar_Ratio,Omega_Ratio,Gain_to_Pain_Ratio,VaR_95,CVaR_95,VaR_99,CVaR_99,Skewness,Kurtosis,Min_Daily_Return,Max_Daily_Return,Beta,Alpha,Correlation_with_Market,R_Squared,Tracking_Error,Information_Ratio,Up_Capture,Down_Capture,Data_Points
AAPL,STOCK,0.001,0.0178,0.2367,0.2825,0.2123,0.2934,0.2464,0.752,1.0923,-0.438,0.5405,1.1758,0.9452,0.0266,0.0407,0.048,0.0663,0.0032,6.5745,-0.1286,0.1533,1.1639,0.078,0.6848,0.4689,0.2077,0.4667,1.38,1.0621,3613
MSFT,STOCK,0.001,0.0168,0.2423,0.2661,0.2192,0.4066,0.3271,0.7979,1.1833,-0.3715,0.6521,1.1909,1.1001,0.0251,0.0373,0.0418,0.0597,0.2411,9.3087,-0.1474,0.1551,1.1653,0.0777,0.7279,0.5298,0.1845,0.5246,1.2848,0.8932,3613
GOOGL,STOCK,0.001,0.0175,0.2448,0.2785,0.2421,0.3383,0.3171,0.7815,1.163,-0.4432,0.5522,1.1832,1.0664,0.0253,0.0391,0.0466,0.0612,0.3773,7.1404,-0.1163,0.1626,1.1448,0.0854,0.6834,0.467,0.2047,0.4987,1.3532,0.9809,3613
AMZN,STOCK,0.0011,0.0204,0.2464,0.3235,0.2414,0.3949,0.3436,0.7186,1.0731,-0.5615,0.4389,1.165,0.9273,0.0299,0.0452,0.0545,0.0726,0.3764,6.6528,-0.1405,0.1532,1.201,0.0937,0.6172,0.381,0.2567,0.4554,1.568,1.3468,3613
NVDA,STOCK,0.0023,0.0283,0.6003,0.4489,0.3905,0.396,0.3765,1.1818,1.8229,-0.6634,0.905,1.2609,26.9708,0.0409,0.0609,0.0704,0.0931,0.5911,9.1838,-0.1876,0.2981,1.7159,0.3322,0.6355,0.4039,0.3664,1.1323,2.5412,1.1096,3613
META,STOCK,0.0011,0.0252,0.229,0.3996,0.4753,0.4909,0.418,0.6156,0.9139,-0.7674,0.2984,1.1485,0.6392,0.0362,0.0553,0.0633,0.0946,0.4293,19.085,-0.2639,0.2961,1.2735,0.0988,0.5298,0.2807,0.342,0.3815,1.3726,0.7909,3613
TSLA,STOCK,0.0021,0.0359,0.4479,0.57,0.4511,0.5256,0.4607,0.8627,1.3143,-0.7363,0.6083,1.1834,4.8155,0.0512,0.0775,0.0898,0.123,0.3808,4.7925,-0.2106,0.244,1.6014,0.3067,0.467,0.2181,0.5138,0.7321,2.3592,0.8185,3613
JPM,STOCK,0.0009,0.0163,0.2052,0.2585,0.1717,0.2069,0.2248,0.6966,1.0223,-0.4363,0.4704,1.1717,0.705,0.0243,0.0366,0.0424,0.0601,0.268,12.772,-0.1496,0.1801,1.0997,0.053,0.7073,0.5002,0.1835,0.3517,1.2472,1.0526,3613
XOM,STOCK,0.0005,0.0162,0.0918,0.2566,0.2433,0.2548,0.2592,0.3147,0.4516,-0.624,0.1471,1.0891,0.1002,0.0243,0.0373,0.0457,0.0597,0.0035,6.6862,-0.1222,0.1269,0.784,-0.0098,0.508,0.258,0.2239,-0.1554,0.7886,0.7983,3613
V,STOCK,0.0008,0.0149,0.2032,0.2363,0.1837,0.1998,0.22,0.7318,1.0694,-0.3636,0.5588,1.1795,0.7418,0.0222,0.0341,0.0406,0.0552,0.2318,9.4261,-0.1355,0.1384,1.0114,0.0561,0.7115,0.5062,0.1661,0.3456,1.0712,0.7385,3613
UNH,STOCK,0.0008,0.0176,0.1634,0.2787,0.2021,0.2365,0.3444,0.5414,0.7518,-0.6139,0.2661,1.1421,0.3729,0.0229,0.0396,0.0466,0.0764,-1.2133,22.3023,-0.2238,0.128,0.7822,0.0605,0.4666,0.2178,0.2491,0.1419,0.9118,0.5344,3613
PG,STOCK,0.0004,0.0113,0.0898,0.1788,0.1619,0.2062,0.1983,0.3465,0.4942,-0.2546,0.3525,1.1103,0.14,0.016,0.0261,0.0315,0.0448,0.1231,10.4796,-0.0874,0.1201,0.5036,0.0038,0.4683,0.2193,0.1782,-0.3007,0.5347,0.3939,3613
KO,STOCK,0.0004,0.011,0.0936,0.1739,0.1281,0.2173,0.1878,0.372,0.5212,-0.3699,0.2531,1.1168,0.1584,0.0154,0.0252,0.0302,0.0459,-0.478,8.6315,-0.0967,0.0648,0.5231,0.0043,0.5,0.25,0.1702,-0.2987,0.6077,0.5288,3613
JNJ,STOCK,0.0006,0.011,0.134,0.1748,0.1712,0.234,0.1908,0.5785,0.8273,-0.2737,0.4898,1.1591,0.3537,0.0159,0.0252,0.0284,0.0432,-0.179,8.5601,-0.1004,0.08,0.4891,0.0446,0.4651,0.2164,0.1765,-0.0817,0.7375,0.5197,3613
WMT,STOCK,0.0006,0.013,0.1407,0.2064,0.2188,0.268,0.2628,0.5474,0.791,-0.3644,0.3862,1.1518,0.348,0.0179,0.0292,0.0321,0.0531,0.0721,14.2754,-0.1138,0.1171,0.5033,0.0548,0.4054,0.1644,0.2059,-0.0125,0.6963,0.348,3613
DIS,STOCK,0.0004,0.0167,0.0714,0.2644,0.2382,0.2576,0.2681,0.2414,0.3501,-0.6072,0.1176,1.0776,0.058,0.0234,0.0378,0.0409,0.0664,0.3068,11.5882,-0.1316,0.1441,0.9945,-0.0511,0.6254,0.3911,0.2063,-0.2507,1.0689,1.5304,3613
BAC,STOCK,0.0008,0.0187,0.1737,0.2964,0.2244,0.2125,0.2217,0.5536,0.8097,-0.4895,0.3549,1.1335,0.3818,0.0275,0.0419,0.0492,0.0682,0.1791,9.1508,-0.154,0.178,1.2193,0.0232,0.6838,0.4676,0.2193,0.2214,1.3456,1.382,3613
CVX,STOCK,0.0005,0.0171,0.0968,0.2707,0.2146,0.2405,0.2374,0.33,0.4653,-0.5577,0.1736,1.0951,0.1123,0.0249,0.0385,0.0433,0.0664,-0.2744,24.0351,-0.2212,0.2274,0.9098,-0.0158,0.5587,0.3122,0.225,-0.1165,0.9238,1.0471,3613
PFE,STOCK,0.0003,0.0139,0.0619,0.221,0.1587,0.2038,0.212,0.201,0.2936,-0.5896,0.105,1.0706,0.0462,0.0206,0.0307,0.0367,0.0487,0.2728,4.7621,-0.0773,0.1086,0.603,-0.0252,0.4535,0.2057,0.2077,-0.3423,0.6404,0.7704,3613
CSCO,STOCK,0.0008,0.016,0.178,0.2538,0.2696,0.3565,0.3461,0.6153,0.8808,-0.4195,0.4243,1.159,0.5032,0.0216,0.0372,0.044,0.0677,-0.1335,12.4904,-0.1373,0.1341,0.9817,0.0427,0.643,0.4134,0.1944,0.2089,1.1398,0.9819,3613
INTC,STOCK,0.0008,0.0254,0.1397,0.4036,0.6556,0.7904,0.7691,0.4262,0.6359,-0.708,0.1974,1.1099,0.1789,0.0344,0.0569,0.0651,0.0973,0.4545,13.7923,-0.2606,0.236,1.3355,0.0177,0.55,0.3025,0.3417,0.1653,1.2105,0.9147,3613
ORCL,STOCK,0.0007,0.0204,0.1432,0.3243,0.484,0.6216,0.5647,0.4483,0.6845,-0.6458,0.2218,1.1237,0.2438,0.0275,0.046,0.0558,0.0769,1.9257,36.2535,-0.1379,0.3595,1.0729,0.0214,0.5499,0.3024,0.2712,0.1101,1.3334,1.5041,3613
PEP,STOCK,0.0004,0.0114,0.0762,0.1816,0.149,0.2107,0.2106,0.2753,0.3916,-0.3032,0.2514,1.0972,0.0974,0.0166,0.0259,0.0293,0.0438,-0.0512,17.1833,-0.1143,0.1294,0.5519,-0.0138,0.5052,0.2552,0.1735,-0.3777,0.5898,0.6305,3613
MCD,STOCK,0.0004,0.012,0.0976,0.1908,0.2065,0.222,0.1914,0.3739,0.5402,-0.369,0.2646,1.1178,0.1645,0.0164,0.0263,0.0306,0.0479,0.3697,29.1712,-0.1588,0.1813,0.6087,0.001,0.5302,0.2811,0.1744,-0.2534,0.6082,0.4955,3613
NKE,STOCK,0.0003,0.0188,0.032,0.2985,0.2501,0.3232,0.358,0.1214,0.1731,-0.7909,0.0405,1.0499,-0.0001,0.0265,0.0419,0.0478,0.0768,-0.078,14.5355,-0.1998,0.1553,1.0065,-0.08,0.5605,0.3141,0.2472,-0.3207,0.7642,1.1591,3613
HD,STOCK,0.0007,0.0147,0.1602,0.2334,0.1909,0.2637,0.2557,0.583,0.8233,-0.3799,0.4217,1.1465,0.3974,0.0221,0.033,0.0381,0.0565,-0.6318,15.1818,-0.1979,0.1375,0.9398,0.0275,0.6692,0.4479,0.1738,0.1184,1.0743,1.0022,3613
TMO,STOCK,0.0008,0.0157,0.2002,0.2495,0.2367,0.3169,0.2883,0.6957,1.0306,-0.4095,0.4888,1.1634,0.6462,0.0235,0.0349,0.0416,0.0535,0.2202,4.3332,-0.092,0.1047,0.9045,0.0691,0.6026,0.3631,0.1998,0.2907,1.1507,0.8864,3613
ABT,STOCK,0.0005,0.0144,0.1084,0.2279,0.1992,0.3022,0.2695,0.3902,0.5526,-0.3964,0.2734,1.1077,0.1631,0.021,0.0329,0.0383,0.0566,-0.1594,7.411,-0.1004,0.1094,0.7703,-0.0001,0.562,0.3158,0.1923,-0.1384,0.8625,0.9183,3613
LMT,STOCK,0.0007,0.0139,0.1686,0.2214,0.185,0.3149,0.2826,0.6345,0.9007,-0.3667,0.4598,1.1671,0.5014,0.0191,0.0323,0.0385,0.0577,-0.3347,12.7839,-0.1276,0.1073,0.5854,0.0728,0.4395,0.1932,0.2105,0.1185,0.7687,0.2558,3613
CAT,STOCK,0.0009,0.0184,0.1994,0.2922,0.255,0.4145,0.399,0.6318,0.9199,-0.4463,0.4469,1.1466,0.5459,0.0278,0.0419,0.049,0.0667,-0.0132,4.4619,-0.1428,0.1163,1.1123,0.0561,0.6328,0.4004,0.227,0.3043,1.398,1.2895,3613
GS,STOCK,0.0009,0.0177,0.192,0.2808,0.2798,0.3556,0.3216,0.6234,0.9084,-0.4875,0.3938,1.1474,0.5178,0.0254,0.0394,0.0441,0.0653,0.1718,8.9941,-0.1271,0.1758,1.2389,0.0319,0.7335,0.5381,0.1949,0.3053,1.3719,1.3432,3613
MS,STOCK,0.001,0.0194,0.2326,0.3072,0.233,0.2832,0.2849,0.7039,1.0345,-0.5133,0.4531,1.1621,0.8149,0.0283,0.0428,0.0498,0.0688,0.2899,10.2924,-0.156,0.1977,1.3654,0.0585,0.7389,0.546,0.2157,0.4668,1.5404,1.4194,3613
C,STOCK,0.0007,0.0198,0.1425,0.3136,0.2096,0.2708,0.2939,0.4544,0.657,-0.5651,0.2521,1.1144,0.2263,0.0282,0.0443,0.0516,0.0758,-0.0501,11.3242,-0.193,0.1798,1.344,-0.0128,0.7124,0.5075,0.2274,0.1186,1.3796,1.6344,3613
IBM,STOCK,0.0003,0.0163,0.0502,0.2585,0.3257,0.6188,0.4876,0.166,0.2258,-0.4372,0.1147,1.0654,0.0244,0.0211,0.039,0.0491,0.075,-1.1431,25.8335,-0.2521,0.1296,0.831,-0.0531,0.5345,0.2856,0.2203,-0.3298,0.8344,1.2087,3613
MMM,STOCK,0.0005,0.0151,0.0926,0.2396,0.1956,0.2353,0.264,0.3219,0.4662,-0.591,0.1567,1.0984,0.1164,0.0214,0.0343,0.0395,0.0597,0.718,22.4749,-0.1295,0.2299,0.8728,-0.0237,0.6055,0.3666,0.1919,-0.2001,0.9695,1.2487,3613
WFC,STOCK,0.0005,0.0182,0.0987,0.2885,0.2343,0.2425,0.2659,0.3322,0.4762,-0.6446,0.1532,1.0923,0.1083,0.0264,0.0422,0.0509,0.0714,0.0164,9.3964,-0.1587,0.1453,1.1269,-0.0344,0.6495,0.4218,0.2204,-0.0895,0.9957,1.1917,3613
TXN,STOCK,0.0009,0.0185,0.2083,0.2938,0.2834,0.4412,0.4265,0.6542,0.9648,-0.3341,0.6233,1.1552,0.629,0.0273,0.0414,0.0498,0.0671,0.4265,9.4387,-0.1334,0.1943,1.2236,0.0509,0.6922,0.4792,0.2153,0.3562,1.2623,1.0231,3613
QCOM,STOCK,0.0007,0.0227,0.1162,0.3606,0.4849,0.5898,0.5437,0.3737,0.5422,-0.4508,0.2577,1.0974,0.1268,0.033,0.054,0.0667,0.0898,0.3332,9.8116,-0.1525,0.2321,1.3235,-0.0182,0.6101,0.3722,0.2908,0.0661,1.2391,1.3315,3613
COST,STOCK,0.0008,0.0129,0.2094,0.205,0.187,0.2011,0.1989,0.8356,1.2081,-0.314,0.667,1.2051,0.9279,0.0184,0.0293,0.0344,0.0512,-0.2208,8.0635,-0.1245,0.0996,0.6788,0.0929,0.5505,0.303,0.1793,0.3109,0.9625,0.4497,3613
VZ,STOCK,0.0003,0.0122,0.0595,0.1936,0.1989,0.2623,0.255,0.1884,0.2706,-0.4121,0.1443,1.0735,0.048,0.0184,0.0277,0.0324,0.0446,0.2798,7.3055,-0.075,0.1183,0.4139,-0.0114,0.3554,0.1263,0.2055,-0.3847,0.4921,0.4944,3613
MRK,STOCK,0.0006,0.014,0.1373,0.2215,0.2352,0.3353,0.2887,0.5111,0.7509,-0.4344,0.3161,1.1347,0.2915,0.0205,0.031,0.0368,0.0518,0.2213,7.8484,-0.0986,0.126,0.5574,0.0488,0.4184,0.175,0.2142,-0.011,0.7541,0.4784,3613
SPY,ETF,0.0006,0.0105,0.1522,0.1662,0.0966,0.1264,0.1299,0.695,0.9757,-0.3372,0.4513,1.1954,0.5299,0.0156,0.0251,0.0298,0.0428,-0.3142,14.5079,-0.1094,0.105,1.0,0.0,1.0,1.0,0.0,,1.0,1.0,3613
QQQ,ETF,0.0008,0.013,0.2018,0.2065,0.1462,0.2285,0.1993,0.8,1.1338,-0.3512,0.5746,1.1988,0.8358,0.0206,0.0309,0.0369,0.0481,-0.1926,7.7856,-0.1198,0.12,1.1557,0.0317,0.9302,0.8652,0.0801,0.6202,1.185,1.0248,3613
IWM,ETF,0.0005,0.0134,0.112,0.2121,0.1174,0.1533,0.1866,0.4184,0.585,-0.4113,0.2722,1.1125,0.1832,0.0202,0.0304,0.035,0.0493,-0.4775,7.8242,-0.1327,0.0915,1.1055,-0.039,0.8663,0.7505,0.1074,-0.2493,1.0211,1.269,3613
XLE,ETF,0.0005,0.0172,0.0861,0.2723,0.1897,0.2173,0.2189,0.2937,0.4109,-0.7126,0.1209,1.0849,0.0837,0.0253,0.0393,0.0426,0.0673,-0.4509,14.1177,-0.2014,0.1604,0.9898,-0.0344,0.6042,0.3651,0.217,-0.1638,0.9437,1.1447,3613
XLF,ETF,0.0006,0.0129,0.1362,0.2044,0.1313,0.1349,0.1477,0.5315,0.7513,-0.4286,0.3177,1.1458,0.3191,0.0191,0.0298,0.034,0.051,-0.236,15.0039,-0.1371,0.1316,1.0372,-0.0112,0.8434,0.7114,0.11,-0.0626,1.0056,1.0781,3613
XLK,ETF,0.0009,0.0141,0.221,0.2241,0.1973,0.3108,0.2648,0.8249,1.1832,-0.3356,0.6585,1.203,1.0036,0.0221,0.0329,0.0407,0.0522,-0.0415,9.7857,-0.1381,0.1343,1.2351,0.0422,0.9161,0.8393,0.098,0.7076,1.246,1.0118,3613
XLV,ETF,0.0005,0.0102,0.1312,0.1615,0.1352,0.1825,0.1572,0.5967,0.8495,-0.284,0.462,1.1622,0.3554,0.0152,0.0232,0.0276,0.0378,-0.2146,7.7946,-0.0986,0.0771,0.7502,0.0097,0.7721,0.5961,0.1107,-0.173,0.8314,0.7759,3613
XLP,ETF,0.0004,0.0088,0.0922,0.1396,0.1229,0.1601,0.1447,0.4152,0.5843,-0.2451,0.3761,1.136,0.1905,0.0129,0.02,0.0217,0.0342,-0.2265,13.3026,-0.094,0.0851,0.5647,-0.0073,0.6726,0.4523,0.1261,-0.4566,0.6144,0.593,3613
XLY,ETF,0.0006,0.0127,0.1357,0.2017,0.1505,0.2011,0.1946,0.5341,0.7436,-0.3967,0.3421,1.1414,0.3089,0.0198,0.0303,0.0358,0.0488,-0.3711,8.6898,-0.1267,0.1089,1.0851,-0.0177,0.8945,0.8001,0.0913,-0.086,1.0479,1.1697,3613
XLI,ETF,0.0006,0.0117,0.1392,0.186,0.1304,0.1704,0.173,0.5791,0.818,-0.4233,0.3289,1.1571,0.3639,0.0173,0.0269,0.0304,0.046,-0.2353,12.9798,-0.1134,0.1265,0.9897,-0.0066,0.8845,0.7823,0.0868,-0.0902,0.9937,1.0393,3613
XLB,ETF,0.0005,0.0123,0.1017,0.1959,0.1441,0.1787,0.1787,0.3884,0.5479,-0.3727,0.2729,1.1105,0.1617,0.0185,0.0279,0.0315,0.0451,-0.1963,8.6678,-0.1101,0.1176,0.9784,-0.0369,0.8301,0.6891,0.1093,-0.3608,0.939,1.1822,3613
XLU,ETF,0.0004,0.0112,0.0942,0.1781,0.1491,0.1542,0.1523,0.3703,0.5184,-0.3607,0.2613,1.1143,0.1553,0.0164,0.0256,0.03,0.0447,-0.025,15.615,-0.1136,0.1279,0.5759,-0.0006,0.5375,0.2889,0.1659,-0.2989,0.5121,0.3214,3613
VTV,ETF,0.0005,0.0098,0.1313,0.1557,0.076,0.0918,0.1029,0.6134,0.8583,-0.3678,0.3569,1.1812,0.3998,0.0142,0.0231,0.0268,0.0408,-0.4855,17.9206,-0.1108,0.0978,0.8653,-0.0045,0.9237,0.8533,0.0637,-0.3141,0.8902,0.9098,3613
VUG,ETF,0.0007,0.0123,0.1714,0.1958,0.1359,0.185,0.1796,0.702,0.9888,-0.3561,0.4814,1.184,0.5852,0.0192,0.0296,0.0361,0.0472,-0.2359,10.1891,-0.1262,0.1163,1.1273,0.0072,0.9569,0.9157,0.0607,0.3617,1.1146,1.0879,3613
VYM,ETF,0.0005,0.0095,0.1234,0.1514,0.0757,0.0858,0.1029,0.5803,0.8153,-0.3521,0.3504,1.1761,0.358,0.0138,0.0223,0.0259,0.0398,-0.3974,17.0341,-0.1006,0.0905,0.8352,-0.0087,0.9172,0.8413,0.0662,-0.4184,0.8492,0.8808,3613
VIG,ETF,0.0005,0.0094,0.1289,0.1491,0.0769,0.0865,0.1016,0.6195,0.8718,-0.3172,0.4063,1.1834,0.3973,0.0137,0.022,0.0257,0.0387,-0.3273,16.3551,-0.1066,0.0896,0.8555,-0.0065,0.9539,0.91,0.0508,-0.4564,0.8635,0.878,3613
IWD,ETF,0.0005,0.0102,0.1232,0.1613,0.0835,0.1053,0.1131,0.5533,0.7698,-0.3851,0.3198,1.1653,0.3313,0.0147,0.0239,0.0271,0.0422,-0.5771,17.8018,-0.117,0.1029,0.9066,-0.0155,0.9346,0.8735,0.0594,-0.4429,0.9075,0.9989,3613
IWF,ETF,0.0007,0.0121,0.1715,0.1914,0.1442,0.1933,0.179,0.7143,1.0078,-0.3272,0.5242,1.1876,0.6001,0.0185,0.0289,0.0352,0.0465,-0.1829,10.192,-0.1179,0.1162,1.1058,0.0089,0.9606,0.9228,0.056,0.3776,1.0833,1.0257,3613
USMV,ETF,0.0005,0.0085,0.1138,0.1344,0.0787,0.0873,0.0862,0.5717,0.7956,-0.331,0.3437,1.1832,0.3405,0.0117,0.0197,0.0223,0.0363,-0.5852,20.6267,-0.1008,0.0867,0.723,-0.0067,0.8942,0.7995,0.0758,-0.5108,0.7301,0.7015,3613
SPLV,ETF,0.0004,0.009,0.0961,0.1434,0.0794,0.1175,0.1048,0.4328,0.5991,-0.3626,0.2649,1.1491,0.2192,0.0122,0.0206,0.0229,0.0396,-0.6231,26.9681,-0.1239,0.0981,0.6805,-0.0166,0.7888,0.6223,0.1029,-0.5197,0.6415,0.6286,3613
DVY,ETF,0.0005,0.0103,0.1141,0.1633,0.087,0.111,0.1117,0.4986,0.6999,-0.4159,0.2743,1.1526,0.2747,0.015,0.0239,0.0271,0.0427,-0.4018,18.134,-0.1109,0.1093,0.8058,-0.0117,0.8201,0.6725,0.0989,-0.3448,0.7944,0.812,3613
SMH,ETF,0.0013,0.0189,0.3102,0.3004,0.3148,0.4764,0.3987,0.9171,1.3258,-0.453,0.6847,1.2045,2.1042,0.0296,0.0439,0.0505,0.0671,-0.0791,5.4003,-0.1441,0.1716,1.4458,0.1084,0.8002,0.6403,0.1948,0.821,1.5806,1.0572,3613
XBI,ETF,0.0007,0.0202,0.1347,0.3202,0.2558,0.3014,0.2817,0.43,0.6146,-0.6389,0.2108,1.0969,0.1729,0.0325,0.0441,0.0504,0.0627,-0.0833,1.5784,-0.1235,0.1037,1.1832,0.001,0.6142,0.3773,0.2545,0.087,1.1678,1.2471,3613
XRT,ETF,0.0005,0.0154,0.0919,0.2451,0.1754,0.203,0.2071,0.3184,0.4553,-0.4702,0.1955,1.0882,0.102,0.023,0.0341,0.0375,0.0551,-0.0487,6.8303,-0.1246,0.1203,1.0475,-0.043,0.7106,0.5049,0.1726,-0.2173,0.9269,1.1253,3613
IYR,ETF,0.0003,0.0118,0.0666,0.1866,0.0985,0.1457,0.1383,0.2253,0.3071,-0.4232,0.1574,1.0856,0.0689,0.0172,0.0276,0.03,0.0484,-0.9861,19.5052,-0.1687,0.0853,0.7971,-0.05,0.7099,0.504,0.1357,-0.5415,0.701,0.932,3613
EFA,ETF,0.0004,0.0105,0.0879,0.167,0.1247,0.1435,0.1593,0.3489,0.4809,-0.3419,0.257,1.1128,0.1418,0.0158,0.0243,0.0268,0.0414,-0.694,12.0022,-0.1099,0.0847,0.8481,-0.0397,0.8443,0.7129,0.093,-0.6162,0.7908,0.9991,3613
EEM,ETF,0.0003,0.0129,0.0654,0.2043,0.1978,0.2891,0.2542,0.2169,0.3015,-0.3982,0.1642,1.0742,0.0557,0.0196,0.0291,0.0337,0.0473,-0.4081,6.5775,-0.1248,0.0805,0.9146,-0.0614,0.7442,0.5539,0.1372,-0.5193,0.7137,0.9672,3613
EWJ,ETF,0.0004,0.0111,0.0939,0.1769,0.1663,0.2186,0.2136,0.3701,0.5204,-0.3314,0.2834,1.1099,0.149,0.0165,0.0257,0.032,0.0418,-0.2631,5.0682,-0.098,0.0761,0.7622,-0.0226,0.7164,0.5132,0.1296,-0.3865,0.6917,0.7379,3613
EWZ,ETF,0.0003,0.0208,0.0244,0.3309,0.2397,0.222,0.2555,0.1192,0.1644,-0.6698,0.0364,1.0433,-0.0061,0.0324,0.0469,0.051,0.0782,-0.5941,10.6237,-0.2309,0.1762,1.0899,-0.0865,0.5475,0.2998,0.2773,-0.2744,0.8292,1.2591,3613
FXI,ETF,0.0002,0.0167,0.0259,0.2654,0.1633,0.187,0.1973,0.0774,0.1132,-0.6081,0.0425,1.041,-0.0062,0.0253,0.0359,0.0418,0.0555,0.6062,10.1431,-0.1029,0.2124,0.8516,-0.0778,0.5335,0.2846,0.2258,-0.4207,0.5553,0.8221,3613
EWH,ETF,0.0003,0.0119,0.0566,0.1893,0.1654,0.163,0.1699,0.1743,0.2453,-0.4271,0.1325,1.0695,0.0417,0.0179,0.0266,0.0303,0.0441,-0.2189,4.6444,-0.0936,0.0663,0.6469,-0.0418,0.5682,0.3228,0.1665,-0.4959,0.6524,0.8711,3613
EWA,ETF,0.0004,0.0137,0.0675,0.2179,0.1712,0.1687,0.1813,0.226,0.3137,-0.4554,0.1483,1.0794,0.0607,0.0191,0.0308,0.0337,0.0558,-0.5369,19.142,-0.1611,0.1415,1.019,-0.0685,0.7772,0.6041,0.1372,-0.4833,0.8388,1.1984,3613
EWC,ETF,0.0004,0.0113,0.0838,0.18,0.1335,0.1238,0.146,0.3153,0.4345,-0.4266,0.1964,1.1038,0.1194,0.0168,0.026,0.0285,0.0447,-0.6126,20.3085,-0.1332,0.1286,0.8577,-0.0424,0.7922,0.6277,0.1123,-0.5234,0.8289,1.0885,3613
EWU,ETF,0.0003,0.0113,0.0695,0.1797,0.1146,0.1247,0.1505,0.2421,0.3283,-0.4333,0.1605,1.0901,0.0789,0.0169,0.0269,0.03,0.048,-0.957,15.9046,-0.1199,0.1155,0.8241,-0.0517,0.7622,0.5809,0.12,-0.6003,0.7383,1.0115,3613
EWG,ETF,0.0004,0.0129,0.0777,0.2042,0.1354,0.1549,0.1778,0.2733,0.3799,-0.468,0.1661,1.0888,0.0873,0.0193,0.0298,0.0344,0.0496,-0.4421,10.1821,-0.1269,0.1076,0.9477,-0.0537,0.7715,0.5952,0.1302,-0.4586,0.9052,1.2723,3613
EWY,ETF,0.0006,0.0171,0.115,0.2712,0.4316,0.6918,0.5712,0.3902,0.5572,-0.4973,0.2313,1.1022,0.1559,0.0241,0.0381,0.0432,0.068,-0.2218,9.1894,-0.1581,0.1245,1.029,-0.0131,0.6307,0.3977,0.2105,-0.0462,1.0613,1.1906,3613
EWQ,ETF,0.0004,0.0128,0.0885,0.2029,0.1356,0.1515,0.1728,0.3231,0.4481,-0.3923,0.2257,1.0994,0.1184,0.0188,0.0293,0.0326,0.0492,-0.6118,11.2708,-0.1268,0.091,0.9347,-0.0425,0.7659,0.5866,0.1309,-0.382,0.8658,1.1192,3613
EWI,ETF,0.0005,0.015,0.1085,0.2388,0.1619,0.163,0.1856,0.3843,0.5264,-0.43,0.2522,1.1039,0.1542,0.023,0.0351,0.0397,0.0591,-0.823,11.6084,-0.1564,0.1122,1.0122,-0.0252,0.7045,0.4963,0.1695,-0.1402,0.9395,1.0737,3613
EWT,ETF,0.0007,0.0134,0.1643,0.2126,0.2537,0.3755,0.3199,0.6341,0.896,-0.3888,0.4225,1.1541,0.4476,0.0207,0.0308,0.0369,0.0496,-0.326,4.8297,-0.1088,0.0938,0.8851,0.0325,0.6922,0.4792,0.1546,0.1246,0.9672,0.7659,3613
VEA,ETF,0.0004,0.0106,0.0957,0.1681,0.1419,0.1754,0.1768,0.3902,0.5374,-0.3574,0.2677,1.1207,0.1701,0.0159,0.0245,0.027,0.0419,-0.7347,12.5507,-0.1118,0.089,0.8607,-0.0339,0.8512,0.7245,0.0912,-0.5476,0.8258,1.0143,3613
VWO,ETF,0.0003,0.0121,0.0619,0.192,0.1289,0.1725,0.178,0.201,0.2783,-0.3639,0.1701,1.0735,0.0517,0.0185,0.0274,0.0316,0.0445,-0.4826,7.1447,-0.1209,0.0778,0.8595,-0.0607,0.7443,0.554,0.1303,-0.5905,0.6693,0.9091,3613
TLT,BOND,0.0,0.009,-0.0047,0.1437,0.098,0.0966,0.0938,-0.2397,-0.333,-0.4835,-0.0098,1.0065,-0.0521,0.0145,0.0198,0.0226,0.0293,0.0376,4.2984,-0.0667,0.0752,-0.1699,-0.0148,-0.1967,0.0387,0.2401,-0.6246,0.0685,0.124,3613
IEF,BOND,0.0,0.004,0.0092,0.0637,0.0578,0.0516,0.0483,-0.4528,-0.6272,-0.2392,0.0383,1.0298,-0.0811,0.0063,0.0089,0.0103,0.013,0.0885,2.9049,-0.0251,0.0264,-0.0625,-0.0216,-0.1631,0.0266,0.1875,-0.7702,0.0687,0.064,3613
SHY,BOND,0.0001,0.0009,0.0131,0.0139,0.0167,0.0153,0.0137,-1.9308,-2.6245,-0.0571,0.2304,1.2023,-0.3942,0.0012,0.0019,0.0023,0.0033,0.7443,10.8358,-0.0051,0.01,-0.0057,-0.0262,-0.0681,0.0046,0.1678,-0.8487,0.0406,-0.0159,3613
TIP,BOND,0.0001,0.0035,0.0154,0.0555,0.045,0.0388,0.0351,-0.4181,-0.5784,-0.1451,0.1059,1.0556,-0.076,0.0052,0.008,0.0091,0.013,0.2369,12.5961,-0.0287,0.0445,0.0057,-0.0239,0.0171,0.0003,0.1744,-0.7958,0.1332,0.1635,3613
LQD,BOND,0.0001,0.0049,0.0271,0.0781,0.0643,0.0569,0.0548,-0.1304,-0.1822,-0.2495,0.1087,1.0762,-0.0188,0.0071,0.0111,0.0123,0.0193,0.4751,31.343,-0.05,0.0739,0.1181,-0.0238,0.2513,0.0631,0.165,-0.7622,0.25,0.318,3613
BIV,BOND,0.0001,0.0032,0.0195,0.0516,0.0507,0.0447,0.0417,-0.3752,-0.513,-0.1894,0.103,1.072,-0.0619,0.005,0.0074,0.0087,0.0119,-0.1257,5.2784,-0.024,0.0267,0.0041,-0.0198,0.0131,0.0002,0.1734,-0.7779,0.1322,0.1272,3613
BND,BOND,0.0001,0.0031,0.016,0.0496,0.0475,0.0417,0.0386,-0.4614,-0.6204,-0.1858,0.0862,1.0671,-0.0868,0.0046,0.007,0.0082,0.0121,-0.9293,38.8195,-0.0544,0.0422,0.0284,-0.0261,0.0951,0.009,0.1689,-0.8195,0.1216,0.1338,3613
HYG,BOND,0.0002,0.0049,0.0465,0.0775,0.0357,0.033,0.039,0.1091,0.1544,-0.2203,0.2111,1.1357,0.0674,0.0066,0.0112,0.0131,0.0206,0.1167,25.245,-0.055,0.0655,0.3533,-0.0324,0.7573,0.5735,0.1188,-0.901,0.3582,0.4112,3613
JNK,BOND,0.0002,0.0048,0.0455,0.0769,0.0375,0.0329,0.0389,0.0965,0.135,-0.2289,0.1986,1.135,0.0632,0.0065,0.0112,0.0129,0.0209,-0.0668,27.6146,-0.0576,0.0671,0.3485,-0.0328,0.7537,0.5681,0.1195,-0.9048,0.3742,0.4525,3613
EMB,BOND,0.0001,0.0058,0.0338,0.0916,0.0607,0.0573,0.059,-0.0278,-0.0369,-0.2874,0.1175,1.0856,0.0059,0.0078,0.0135,0.0154,0.0253,-2.0336,36.9437,-0.0922,0.046,0.3033,-0.0376,0.5506,0.3032,0.1388,-0.851,0.3711,0.523,3613
MUB,BOND,0.0001,0.0029,0.0191,0.0465,0.055,0.0406,0.034,-0.4302,-0.5606,-0.1368,0.1395,1.102,-0.0933,0.0034,0.0064,0.0069,0.0136,-2.7108,100.5082,-0.0615,0.0438,0.0553,-0.0264,0.1977,0.0391,0.1635,-0.8289,0.1271,0.121,3613
FLOT,BOND,0.0001,0.0022,0.0249,0.035,0.0053,0.006,0.0076,-0.4242,-0.519,-0.1354,0.1836,1.4749,-0.1994,0.0008,0.0027,0.002,0.0091,-10.9661,510.9333,-0.0683,0.0449,0.0749,-0.0235,0.3563,0.127,0.1572,-0.8292,0.0822,-0.0164,3613
UUP,FX,0.0001,0.0044,0.0306,0.0702,0.0465,0.0509,0.0553,-0.1058,-0.1473,-0.1424,0.2146,1.082,-0.0059,0.0069,0.0099,0.0113,0.0149,-0.0558,3.9505,-0.0321,0.0378,-0.0401,-0.0028,-0.0949,0.009,0.1865,-0.6594,-0.038,-0.3458,3613
FXE,FX,-0.0,0.0049,-0.0103,0.0773,0.0405,0.0479,0.0541,-0.6124,-0.8511,-0.3563,-0.0289,0.9841,-0.1072,0.0077,0.0106,0.0131,0.0155,0.144,2.1391,-0.0269,0.0317,0.0504,-0.0532,0.1085,0.0118,0.1756,-0.9278,0.0961,0.2765,3613
FXY,FX,-0.0002,0.0059,-0.0517,0.0941,0.0992,0.0869,0.085,-0.9422,-1.3317,-0.5578,-0.0927,0.9122,-0.1392,0.0091,0.013,0.0155,0.0195,0.5056,4.5211,-0.0343,0.0405,-0.1171,-0.0751,-0.2069,0.0428,0.2073,-0.9852,-0.135,0.0934,3613
FXA,FX,-0.0,0.0063,-0.0145,0.0997,0.0661,0.0684,0.0786,-0.4976,-0.6801,-0.4097,-0.0353,0.9841,-0.0879,0.0103,0.0141,0.0158,0.0203,-0.1008,1.9874,-0.0437,0.0299,0.2582,-0.0794,0.4304,0.1852,0.1527,-1.0817,0.2413,0.6167,3613
FXB,FX,-0.0,0.0055,-0.0074,0.0877,0.0452,0.0527,0.062,-0.4974,-0.6672,-0.391,-0.019,0.9928,-0.0936,0.0084,0.0124,0.0142,0.0201,-1.05,17.1291,-0.0836,0.032,0.1361,-0.0593,0.258,0.0666,0.1667,-0.9545,0.1653,0.4034,3613
GLD,COMMODITY,0.0003,0.0104,0.0648,0.165,0.2386,0.2567,0.2956,0.2209,0.3058,-0.4211,0.1538,1.0863,0.0698,0.0162,0.0244,0.0287,0.0404,-0.5475,6.8845,-0.1027,0.0636,0.0708,0.0283,0.0713,0.0051,0.2257,-0.3504,0.2514,-0.0495,3613
SLV,COMMODITY,0.0004,0.0193,0.0484,0.306,0.377,0.4254,0.6285,0.1798,0.2462,-0.6696,0.0723,1.0605,0.0176,0.0279,0.0454,0.0532,0.0808,-1.2179,18.56,-0.2854,0.0914,0.3961,0.0093,0.2152,0.0463,0.3153,-0.1919,0.5941,0.604,3613
PPLT,COMMODITY,0.0002,0.0169,0.0051,0.2687,0.3391,0.3716,0.5111,0.0055,0.0076,-0.6755,0.0076,1.0276,-0.0231,0.0251,0.0383,0.0444,0.0651,-0.6064,8.4435,-0.1844,0.1104,0.4588,-0.0515,0.2839,0.0806,0.2729,-0.418,0.4317,0.6994,3613
PALL,COMMODITY,0.0004,0.0221,0.0412,0.3501,0.4183,0.4226,0.523,0.1771,0.2473,-0.7363,0.056,1.0525,0.0076,0.0333,0.0504,0.0595,0.0835,-0.2433,7.5674,-0.1973,0.2104,0.5783,-0.0048,0.2746,0.0754,0.3439,-0.1557,0.6787,0.8344,3613
CPER,COMMODITY,0.0003,0.02,0.0339,0.3183,0.2585,0.2552,0.2878,0.1328,0.2055,-0.5528,0.0614,1.0629,0.0021,0.0231,0.0372,0.0404,0.0689,5.2384,214.6289,-0.3315,0.4989,0.487,-0.014,0.2543,0.0647,0.3194,-0.2294,0.5112,0.7171,3613
DBB,COMMODITY,0.0002,0.0114,0.0339,0.1803,0.179,0.1714,0.1936,0.0535,0.0756,-0.4568,0.0743,1.0467,0.0027,0.0182,0.0249,0.0278,0.035,-0.0781,1.8782,-0.0837,0.0631,0.344,-0.0301,0.3171,0.1006,0.2028,-0.522,0.4941,0.7106,3613
USO,COMMODITY,0.0001,0.0236,-0.0427,0.3747,0.4461,0.5045,0.4962,-0.033,-0.0449,-0.9459,-0.0451,1.0135,-0.0354,0.0354,0.0551,0.0633,0.095,-0.7037,11.8006,-0.2532,0.1667,0.5902,-0.0806,0.2619,0.0686,0.3679,-0.3476,0.6335,1.0992,3613
UNG,COMMODITY,-0.0004,0.0318,-0.2106,0.5043,0.3868,0.368,0.5872,-0.2954,-0.4164,-0.9783,-0.2153,0.9635,-0.0359,0.0496,0.0706,0.0805,0.1043,0.0641,3.6854,-0.2485,0.1975,0.2011,-0.1722,0.0663,0.0044,0.5204,-0.5083,0.1012,1.1272,3613
UGA,COMMODITY,0.0006,0.0223,0.0784,0.3536,0.3973,0.3836,0.3901,0.2789,0.388,-0.8646,0.0907,1.072,0.05,0.0329,0.0506,0.0575,0.0858,-0.45,10.7439,-0.2235,0.1966,0.6293,0.0259,0.2959,0.0876,0.3433,-0.0493,1.0261,1.0778,3613
DBA,COMMODITY,0.0001,0.0079,0.0133,0.1261,0.1244,0.1288,0.1114,-0.1493,-0.2095,-0.5608,0.0237,1.0283,-0.034,0.012,0.0175,0.0202,0.0268,-0.1328,1.7201,-0.0486,0.0303,0.1515,-0.0363,0.1998,0.0399,0.1875,-0.7166,0.1576,0.1883,3613
CORN,COMMODITY,-0.0001,0.0127,-0.0466,0.2012,0.1791,0.1944,0.1679,-0.3353,-0.4758,-0.7809,-0.0596,0.9768,-0.0631,0.0192,0.028,0.033,0.0435,0.1806,3.0724,-0.07,0.0702,0.0673,-0.0752,0.0556,0.0031,0.2538,-0.7212,-0.0735,0.0774,3613
WEAT,COMMODITY,-0.0003,0.0166,-0.0946,0.2632,0.2725,0.2552,0.2451,-0.3988,-0.588,-0.8432,-0.1122,0.9591,-0.0586,0.0246,0.0334,0.0378,0.0482,0.6653,4.8481,-0.0953,0.1561,0.0269,-0.1081,0.017,0.0003,0.3089,-0.7138,-0.1301,0.2812,3613
SOYB,COMMODITY,0.0001,0.0111,0.0135,0.1766,0.1663,0.1549,0.1379,-0.0623,-0.0878,-0.5376,0.0251,1.0284,-0.0247,0.0175,0.0247,0.0288,0.0388,-0.0635,2.4996,-0.0638,0.0567,0.1264,-0.0256,0.119,0.0142,0.2277,-0.5558,0.1268,0.0652,3613
DBC,COMMODITY,0.0002,0.0108,0.027,0.1712,0.1887,0.2126,0.2075,0.0079,0.0107,-0.6365,0.0424,1.0421,-0.0077,0.0168,0.0253,0.0288,0.0406,-0.506,3.6585,-0.0794,0.048,0.3223,-0.0359,0.3129,0.0979,0.1978,-0.5773,0.4189,0.6033,3613
