,Asset_Class,Max_Sharpe_Weight,Min_Variance_Weight,Equal_Weight
AAPL,STOCK,0.0,0.0,0.0088
MSFT,STOCK,0.0,0.0,0.0088
GOOGL,STOCK,0.0,0.0,0.0088
AMZN,STOCK,0.0,0.0,0.0088
NVDA,STOCK,0.2285,0.0,0.0088
META,STOCK,0.0,0.0,0.0088
TSLA,STOCK,0.0873,0.0003,0.0088
JPM,STOCK,0.0173,0.0,0.0088
XOM,STOCK,0.0,0.0016,0.0088
V,STOCK,0.0,0.0,0.0088
UNH,STOCK,0.0123,0.0,0.0088
PG,STOCK,0.0,0.0,0.0088
KO,STOCK,0.0,0.0,0.0088
JNJ,STOCK,0.1153,0.0,0.0088
WMT,STOCK,0.0102,0.0,0.0088
DIS,STOCK,0.0,0.0,0.0088
BAC,STOCK,0.0,0.0,0.0088
CVX,STOCK,0.0,0.0,0.0088
PFE,STOCK,0.0,0.0,0.0088
CSCO,STOCK,0.0,0.0,0.0088
INTC,STOCK,0.0,0.0,0.0088
ORCL,STOCK,0.0,0.0,0.0088
PEP,STOCK,0.0,0.0,0.0088
MCD,STOCK,0.0,0.0,0.0088
NKE,STOCK,0.0,0.0,0.0088
HD,STOCK,0.0,0.0,0.0088
TMO,STOCK,0.0,0.0,0.0088
ABT,STOCK,0.0,0.0,0.0088
LMT,STOCK,0.141,0.0,0.0088
CAT,STOCK,0.0,0.0002,0.0088
GS,STOCK,0.0,0.0,0.0088
MS,STOCK,0.0,0.0,0.0088
C,STOCK,0.0,0.0,0.0088
IBM,STOCK,0.0,0.0,0.0088
MMM,STOCK,0.0,0.0,0.0088
WFC,STOCK,0.0,0.0,0.0088
TXN,STOCK,0.0,0.0,0.0088
QCOM,STOCK,0.0,0.0,0.0088
COST,STOCK,0.1583,0.0,0.0088
VZ,STOCK,0.0,0.0,0.0088
MRK,STOCK,0.0607,0.0,0.0088
SPY,ETF,0.0,0.0,0.0088
QQQ,ETF,0.0,0.0,0.0088
IWM,ETF,0.0,0.0,0.0088
XLE,ETF,0.0,0.0,0.0088
XLF,ETF,0.0,0.0,0.0088
XLK,ETF,0.0,0.0,0.0088
XLV,ETF,0.0,0.0,0.0088
XLP,ETF,0.0,0.0,0.0088
XLY,ETF,0.0,0.0,0.0088
XLI,ETF,0.0,0.0,0.0088
XLB,ETF,0.0,0.0,0.0088
XLU,ETF,0.0,0.0,0.0088
VTV,ETF,0.0,0.0,0.0088
VUG,ETF,0.0,0.0,0.0088
VYM,ETF,0.0,0.0,0.0088
VIG,ETF,0.0,0.0,0.0088
IWD,ETF,0.0,0.0,0.0088
IWF,ETF,0.0,0.0,0.0088
USMV,ETF,0.0,0.0,0.0088
SPLV,ETF,0.0,0.0,0.0088
DVY,ETF,0.0,0.0,0.0088
SMH,ETF,0.0,0.0,0.0088
XBI,ETF,0.0,0.0,0.0088
XRT,ETF,0.0,0.0,0.0088
IYR,ETF,0.0,0.0,0.0088
EFA,ETF,0.0,0.0,0.0088
EEM,ETF,0.0,0.0,0.0088
EWJ,ETF,0.0,0.0,0.0088
EWZ,ETF,0.0,0.0,0.0088
FXI,ETF,0.0,0.0,0.0088
EWH,ETF,0.0,0.0,0.0088
EWA,ETF,0.0,0.0,0.0088
EWC,ETF,0.0,0.0,0.0088
EWU,ETF,0.0,0.0,0.0088
EWG,ETF,0.0,0.0,0.0088
EWY,ETF,0.0,0.0,0.0088
EWQ,ETF,0.0,0.0,0.0088
EWI,ETF,0.0,0.0,0.0088
EWT,ETF,0.0,0.0,0.0088
VEA,ETF,0.0,0.0,0.0088
VWO,ETF,0.0,0.0,0.0088
TLT,BOND,0.0,0.0,0.0088
IEF,BOND,0.0,0.0,0.0088
SHY,BOND,0.0,0.2648,0.0088
TIP,BOND,0.0,0.0,0.0088
LQD,BOND,0.0,0.0,0.0088
BIV,BOND,0.0,0.0,0.0088
BND,BOND,0.0,0.0,0.0088
HYG,BOND,0.0,0.0,0.0088
JNK,BOND,0.0,0.0,0.0088
EMB,BOND,0.0,0.0,0.0088
MUB,BOND,0.0,0.0,0.0088
FLOT,BOND,0.0,0.0,0.0088
UUP,FX,0.0536,0.3736,0.0088
FXE,FX,0.0,0.2458,0.0088
FXY,FX,0.0,0.0443,0.0088
FXA,FX,0.0,0.01,0.0088
FXB,FX,0.0,0.0526,0.0088
GLD,COMMODITY,0.1156,0.0,0.0088
SLV,COMMODITY,0.0,0.0,0.0088
PPLT,COMMODITY,0.0,0.0,0.0088
PALL,COMMODITY,0.0,0.0,0.0088
CPER,COMMODITY,0.0,0.0003,0.0088
DBB,COMMODITY,0.0,0.0005,0.0088
USO,COMMODITY,0.0,0.0,0.0088
UNG,COMMODITY,0.0,0.0,0.0088
UGA,COMMODITY,0.0,0.0,0.0088
DBA,COMMODITY,0.0,0.0023,0.0088
CORN,COMMODITY,0.0,0.0,0.0088
WEAT,COMMODITY,0.0,0.0,0.0088
SOYB,COMMODITY,0.0,0.0008,0.0088
DBC,COMMODITY,0.0,0.003,0.0088
