,Portfolio,Asset,Weight,Risk_Contribution,Risk_Percent
0,Max Sharpe,AAPL,0.0,0.0,0.0
1,Max Sharpe,MSFT,0.0,0.0,0.0
2,Max Sharpe,GOOGL,0.0,0.0,0.0
3,Max Sharpe,AMZN,0.0,0.0,0.0
4,Max Sharpe,NVDA,0.228482,0.086597,0.506017
5,Max Sharpe,META,0.0,0.0,0.0
6,Max Sharpe,TSLA,0.087291,0.03067,0.179215
7,Max Sharpe,JPM,0.017343,0.002231,0.013038
8,Max Sharpe,XOM,0.0,0.0,0.0
9,Max Sharpe,V,0.0,0.0,0.0
10,Max Sharpe,UNH,0.012319,0.001328,0.00776
11,Max Sharpe,PG,0.0,0.0,0.0
12,Max Sharpe,KO,0.0,0.0,0.0
13,Max Sharpe,JNJ,0.115255,0.008327,0.048659
14,Max Sharpe,WMT,0.010171,0.000821,0.004797
15,Max Sharpe,DIS,0.0,0.0,0.0
16,Max Sharpe,BAC,0.0,0.0,0.0
17,Max Sharpe,CVX,0.0,0.0,0.0
18,Max Sharpe,PFE,0.0,0.0,0.0
19,Max Sharpe,CSCO,0.0,0.0,0.0
20,Max Sharpe,INTC,0.0,0.0,0.0
21,Max Sharpe,ORCL,0.0,0.0,0.0
22,Max Sharpe,PEP,0.0,0.0,0.0
23,Max Sharpe,MCD,0.0,0.0,0.0
24,Max Sharpe,NKE,0.0,0.0,0.0
25,Max Sharpe,HD,0.0,0.0,0.0
26,Max Sharpe,TMO,0.0,0.0,0.0
27,Max Sharpe,ABT,0.0,0.0,0.0
28,Max Sharpe,LMT,0.141024,0.014156,0.082719
29,Max Sharpe,CAT,0.0,0.0,0.0
30,Max Sharpe,GS,0.0,0.0,0.0
31,Max Sharpe,MS,0.0,0.0,0.0
32,Max Sharpe,C,0.0,0.0,0.0
33,Max Sharpe,IBM,0.0,0.0,0.0
34,Max Sharpe,MMM,0.0,0.0,0.0
35,Max Sharpe,WFC,0.0,0.0,0.0
36,Max Sharpe,TXN,0.0,0.0,0.0
37,Max Sharpe,QCOM,0.0,0.0,0.0
38,Max Sharpe,COST,0.158285,0.019371,0.113191
39,Max Sharpe,VZ,0.0,0.0,0.0
40,Max Sharpe,MRK,0.06069,0.004908,0.028682
41,Max Sharpe,SPY,0.0,0.0,0.0
42,Max Sharpe,QQQ,0.0,0.0,0.0
43,Max Sharpe,IWM,0.0,0.0,0.0
44,Max Sharpe,XLE,0.0,0.0,0.0
45,Max Sharpe,XLF,0.0,0.0,0.0
46,Max Sharpe,XLK,0.0,0.0,0.0
47,Max Sharpe,XLV,0.0,0.0,0.0
48,Max Sharpe,XLP,0.0,0.0,0.0
49,Max Sharpe,XLY,0.0,0.0,0.0
50,Max Sharpe,XLI,0.0,0.0,0.0
51,Max Sharpe,XLB,0.0,0.0,0.0
52,Max Sharpe,XLU,0.0,0.0,0.0
53,Max Sharpe,VTV,0.0,0.0,0.0
54,Max Sharpe,VUG,0.0,0.0,0.0
55,Max Sharpe,VYM,0.0,0.0,0.0
56,Max Sharpe,VIG,0.0,0.0,0.0
57,Max Sharpe,IWD,0.0,0.0,0.0
58,Max Sharpe,IWF,0.0,0.0,0.0
59,Max Sharpe,USMV,0.0,0.0,0.0
60,Max Sharpe,SPLV,0.0,0.0,0.0
61,Max Sharpe,DVY,0.0,0.0,0.0
62,Max Sharpe,SMH,0.0,0.0,0.0
63,Max Sharpe,XBI,0.0,0.0,0.0
64,Max Sharpe,XRT,0.0,0.0,0.0
65,Max Sharpe,IYR,0.0,0.0,0.0
66,Max Sharpe,EFA,0.0,0.0,0.0
67,Max Sharpe,EEM,0.0,0.0,0.0
68,Max Sharpe,EWJ,0.0,0.0,0.0
69,Max Sharpe,EWZ,0.0,0.0,0.0
70,Max Sharpe,FXI,0.0,0.0,0.0
71,Max Sharpe,EWH,0.0,0.0,0.0
72,Max Sharpe,EWA,0.0,0.0,0.0
73,Max Sharpe,EWC,0.0,0.0,0.0
74,Max Sharpe,EWU,0.0,0.0,0.0
75,Max Sharpe,EWG,0.0,0.0,0.0
76,Max Sharpe,EWY,0.0,0.0,0.0
77,Max Sharpe,EWQ,0.0,0.0,0.0
78,Max Sharpe,EWI,0.0,0.0,0.0
79,Max Sharpe,EWT,0.0,0.0,0.0
80,Max Sharpe,VEA,0.0,0.0,0.0
81,Max Sharpe,VWO,0.0,0.0,0.0
82,Max Sharpe,TLT,0.0,-0.0,-0.0
83,Max Sharpe,IEF,0.0,-0.0,-0.0
84,Max Sharpe,SHY,0.0,-0.0,-0.0
85,Max Sharpe,TIP,0.0,0.0,0.0
86,Max Sharpe,LQD,0.0,0.0,0.0
87,Max Sharpe,BIV,0.0,0.0,0.0
88,Max Sharpe,BND,0.0,0.0,0.0
89,Max Sharpe,HYG,0.0,0.0,0.0
90,Max Sharpe,JNK,0.0,0.0,0.0
91,Max Sharpe,EMB,0.0,0.0,0.0
92,Max Sharpe,MUB,0.0,0.0,0.0
93,Max Sharpe,FLOT,0.0,0.0,0.0
94,Max Sharpe,UUP,0.053586,-0.000284,-0.001662
95,Max Sharpe,FXE,0.0,0.0,0.0
96,Max Sharpe,FXY,0.0,-0.0,-0.0
97,Max Sharpe,FXA,0.0,0.0,0.0
98,Max Sharpe,FXB,0.0,0.0,0.0
99,Max Sharpe,GLD,0.115555,0.003009,0.017584
100,Max Sharpe,SLV,0.0,0.0,0.0
101,Max Sharpe,PPLT,0.0,0.0,0.0
102,Max Sharpe,PALL,0.0,0.0,0.0
103,Max Sharpe,CPER,0.0,0.0,0.0
104,Max Sharpe,DBB,0.0,0.0,0.0
105,Max Sharpe,USO,0.0,0.0,0.0
106,Max Sharpe,UNG,0.0,0.0,0.0
107,Max Sharpe,UGA,0.0,0.0,0.0
108,Max Sharpe,DBA,0.0,0.0,0.0
109,Max Sharpe,CORN,0.0,0.0,0.0
110,Max Sharpe,WEAT,0.0,0.0,0.0
111,Max Sharpe,SOYB,0.0,0.0,0.0
112,Max Sharpe,DBC,0.0,0.0,0.0
113,Min Variance,AAPL,0.0,0.0,0.0
114,Min Variance,MSFT,0.0,0.0,0.0
115,Min Variance,GOOGL,0.0,0.0,0.0
116,Min Variance,AMZN,0.0,0.0,0.0
117,Min Variance,NVDA,0.0,0.0,0.0
118,Min Variance,META,0.0,0.0,0.0
119,Min Variance,TSLA,0.000311,2e-06,0.000325
120,Min Variance,JPM,0.0,0.0,0.0
121,Min Variance,XOM,0.001605,1.1e-05,0.001615
122,Min Variance,V,0.0,0.0,0.0
123,Min Variance,UNH,0.0,0.0,0.0
124,Min Variance,PG,0.0,0.0,0.0
125,Min Variance,KO,0.0,0.0,0.0
126,Min Variance,JNJ,0.0,0.0,0.0
127,Min Variance,WMT,0.0,0.0,0.0
128,Min Variance,DIS,0.0,0.0,0.0
129,Min Variance,BAC,0.0,0.0,0.0
130,Min Variance,CVX,0.0,0.0,0.0
131,Min Variance,PFE,0.0,0.0,0.0
132,Min Variance,CSCO,0.0,0.0,0.0
133,Min Variance,INTC,0.0,0.0,0.0
134,Min Variance,ORCL,0.0,0.0,0.0
135,Min Variance,PEP,0.0,0.0,0.0
136,Min Variance,MCD,0.0,0.0,0.0
137,Min Variance,NKE,0.0,0.0,0.0
138,Min Variance,HD,0.0,0.0,0.0
139,Min Variance,TMO,0.0,0.0,0.0
140,Min Variance,ABT,0.0,0.0,0.0
141,Min Variance,LMT,0.0,0.0,0.0
142,Min Variance,CAT,0.000201,1e-06,0.000204
143,Min Variance,GS,0.0,0.0,0.0
144,Min Variance,MS,0.0,0.0,0.0
145,Min Variance,C,0.0,0.0,0.0
146,Min Variance,IBM,0.0,0.0,0.0
147,Min Variance,MMM,0.0,0.0,0.0
148,Min Variance,WFC,0.0,0.0,0.0
149,Min Variance,TXN,0.0,0.0,0.0
150,Min Variance,QCOM,0.0,0.0,0.0
151,Min Variance,COST,0.0,0.0,0.0
152,Min Variance,VZ,0.0,0.0,0.0
153,Min Variance,MRK,0.0,0.0,0.0
154,Min Variance,SPY,0.0,0.0,0.0
155,Min Variance,QQQ,0.0,0.0,0.0
156,Min Variance,IWM,0.0,0.0,0.0
157,Min Variance,XLE,0.0,0.0,0.0
158,Min Variance,XLF,0.0,0.0,0.0
159,Min Variance,XLK,0.0,0.0,0.0
160,Min Variance,XLV,0.0,0.0,0.0
161,Min Variance,XLP,0.0,0.0,0.0
162,Min Variance,XLY,0.0,0.0,0.0
163,Min Variance,XLI,0.0,0.0,0.0
164,Min Variance,XLB,0.0,0.0,0.0
165,Min Variance,XLU,0.0,0.0,0.0
166,Min Variance,VTV,0.0,0.0,0.0
167,Min Variance,VUG,0.0,0.0,0.0
168,Min Variance,VYM,0.0,0.0,0.0
169,Min Variance,VIG,0.0,0.0,0.0
170,Min Variance,IWD,0.0,0.0,0.0
171,Min Variance,IWF,0.0,0.0,0.0
172,Min Variance,USMV,0.0,0.0,0.0
173,Min Variance,SPLV,0.0,0.0,0.0
174,Min Variance,DVY,0.0,0.0,0.0
175,Min Variance,SMH,0.0,0.0,0.0
176,Min Variance,XBI,0.0,0.0,0.0
177,Min Variance,XRT,0.0,0.0,0.0
178,Min Variance,IYR,0.0,0.0,0.0
179,Min Variance,EFA,0.0,0.0,0.0
180,Min Variance,EEM,0.0,0.0,0.0
181,Min Variance,EWJ,0.0,0.0,0.0
182,Min Variance,EWZ,0.0,0.0,0.0
183,Min Variance,FXI,0.0,0.0,0.0
184,Min Variance,EWH,0.0,0.0,0.0
185,Min Variance,EWA,0.0,0.0,0.0
186,Min Variance,EWC,0.0,0.0,0.0
187,Min Variance,EWU,0.0,0.0,0.0
188,Min Variance,EWG,0.0,0.0,0.0
189,Min Variance,EWY,0.0,0.0,0.0
190,Min Variance,EWQ,0.0,0.0,0.0
191,Min Variance,EWI,0.0,0.0,0.0
192,Min Variance,EWT,0.0,0.0,0.0
193,Min Variance,VEA,0.0,0.0,0.0
194,Min Variance,VWO,0.0,0.0,0.0
195,Min Variance,TLT,0.0,0.0,0.0
196,Min Variance,IEF,0.0,0.0,0.0
197,Min Variance,SHY,0.265027,0.001727,0.2653
198,Min Variance,TIP,0.0,0.0,0.0
199,Min Variance,LQD,0.0,0.0,0.0
200,Min Variance,BIV,0.0,0.0,0.0
201,Min Variance,BND,0.0,0.0,0.0
202,Min Variance,HYG,0.0,0.0,0.0
203,Min Variance,JNK,0.0,0.0,0.0
204,Min Variance,EMB,0.0,0.0,0.0
205,Min Variance,MUB,0.0,0.0,0.0
206,Min Variance,FLOT,0.0,0.0,0.0
207,Min Variance,UUP,0.373428,0.00243,0.373263
208,Min Variance,FXE,0.2457,0.001598,0.245419
209,Min Variance,FXY,0.044311,0.000288,0.04427
210,Min Variance,FXA,0.010033,6.6e-05,0.010074
211,Min Variance,FXB,0.052572,0.000343,0.052662
212,Min Variance,GLD,0.0,0.0,0.0
213,Min Variance,SLV,0.0,0.0,0.0
214,Min Variance,PPLT,0.0,0.0,0.0
215,Min Variance,PALL,0.0,0.0,0.0
216,Min Variance,CPER,0.000302,2e-06,0.000304
217,Min Variance,DBB,0.000507,3e-06,0.000513
218,Min Variance,USO,0.0,0.0,0.0
219,Min Variance,UNG,0.0,0.0,0.0
220,Min Variance,UGA,0.0,0.0,0.0
221,Min Variance,DBA,0.002272,1.5e-05,0.002283
222,Min Variance,CORN,0.0,0.0,0.0
223,Min Variance,WEAT,0.0,0.0,0.0
224,Min Variance,SOYB,0.00076,5e-06,0.000767
225,Min Variance,DBC,0.002972,2e-05,0.003003
226,Equal Weight,AAPL,0.00885,0.001584,0.012419
227,Equal Weight,MSFT,0.00885,0.001569,0.012305
228,Equal Weight,GOOGL,0.00885,0.001544,0.012108
229,Equal Weight,AMZN,0.00885,0.001595,0.012504
230,Equal Weight,NVDA,0.00885,0.002311,0.018124
231,Equal Weight,META,0.00885,0.001713,0.013432
232,Equal Weight,TSLA,0.00885,0.002325,0.018228
233,Equal Weight,JPM,0.00885,0.001656,0.012988
234,Equal Weight,XOM,0.00885,0.001322,0.010366
235,Equal Weight,V,0.00885,0.001455,0.011413
236,Equal Weight,UNH,0.00885,0.001151,0.009023
237,Equal Weight,PG,0.00885,0.000758,0.005943
238,Equal Weight,KO,0.00885,0.00081,0.006354
239,Equal Weight,JNJ,0.00885,0.000747,0.005857
240,Equal Weight,WMT,0.00885,0.000723,0.005672
241,Equal Weight,DIS,0.00885,0.001459,0.011444
242,Equal Weight,BAC,0.00885,0.001852,0.014523
243,Equal Weight,CVX,0.00885,0.001516,0.011885
244,Equal Weight,PFE,0.00885,0.000915,0.007171
245,Equal Weight,CSCO,0.00885,0.00142,0.011134
246,Equal Weight,INTC,0.00885,0.001954,0.01532
247,Equal Weight,ORCL,0.00885,0.001491,0.011689
248,Equal Weight,PEP,0.00885,0.000839,0.006582
249,Equal Weight,MCD,0.00885,0.000925,0.007252
250,Equal Weight,NKE,0.00885,0.001477,0.011579
251,Equal Weight,HD,0.00885,0.001376,0.010791
252,Equal Weight,TMO,0.00885,0.001301,0.010205
253,Equal Weight,ABT,0.00885,0.001122,0.008799
254,Equal Weight,LMT,0.00885,0.000892,0.006995
255,Equal Weight,CAT,0.00885,0.001718,0.013473
256,Equal Weight,GS,0.00885,0.001856,0.014551
257,Equal Weight,MS,0.00885,0.002051,0.016082
258,Equal Weight,C,0.00885,0.002055,0.016115
259,Equal Weight,IBM,0.00885,0.001258,0.009863
260,Equal Weight,MMM,0.00885,0.001313,0.010295
261,Equal Weight,WFC,0.00885,0.001704,0.013361
262,Equal Weight,TXN,0.00885,0.001778,0.013941
263,Equal Weight,QCOM,0.00885,0.001911,0.014984
264,Equal Weight,COST,0.00885,0.000939,0.007365
265,Equal Weight,VZ,0.00885,0.000655,0.005138
266,Equal Weight,MRK,0.00885,0.000847,0.006639
267,Equal Weight,SPY,0.00885,0.001417,0.011114
268,Equal Weight,QQQ,0.00885,0.001586,0.012435
269,Equal Weight,IWM,0.00885,0.001647,0.012911
270,Equal Weight,XLE,0.00885,0.001644,0.012893
271,Equal Weight,XLF,0.00885,0.001542,0.012092
272,Equal Weight,XLK,0.00885,0.001689,0.013242
273,Equal Weight,XLV,0.00885,0.001091,0.008554
274,Equal Weight,XLP,0.00885,0.000846,0.006637
275,Equal Weight,XLY,0.00885,0.001531,0.012006
276,Equal Weight,XLI,0.00885,0.001461,0.01146
277,Equal Weight,XLB,0.00885,0.001508,0.011825
278,Equal Weight,XLU,0.00885,0.000874,0.006857
279,Equal Weight,VTV,0.00885,0.001296,0.010164
280,Equal Weight,VUG,0.00885,0.001545,0.012117
281,Equal Weight,VYM,0.00885,0.001252,0.00982
282,Equal Weight,VIG,0.00885,0.001239,0.009719
283,Equal Weight,IWD,0.00885,0.001358,0.010645
284,Equal Weight,IWF,0.00885,0.001513,0.011863
285,Equal Weight,USMV,0.00885,0.001051,0.008244
286,Equal Weight,SPLV,0.00885,0.001011,0.007931
287,Equal Weight,DVY,0.00885,0.001241,0.009733
288,Equal Weight,SMH,0.00885,0.002028,0.015906
289,Equal Weight,XBI,0.00885,0.001727,0.013546
290,Equal Weight,XRT,0.00885,0.001552,0.012172
291,Equal Weight,IYR,0.00885,0.00121,0.009486
292,Equal Weight,EFA,0.00885,0.001331,0.010433
293,Equal Weight,EEM,0.00885,0.00147,0.011527
294,Equal Weight,EWJ,0.00885,0.001164,0.009127
295,Equal Weight,EWZ,0.00885,0.001857,0.014561
296,Equal Weight,FXI,0.00885,0.001421,0.011139
297,Equal Weight,EWH,0.00885,0.001076,0.008434
298,Equal Weight,EWA,0.00885,0.001629,0.012773
299,Equal Weight,EWC,0.00885,0.001369,0.010734
300,Equal Weight,EWU,0.00885,0.001335,0.010467
301,Equal Weight,EWG,0.00885,0.001484,0.011638
302,Equal Weight,EWY,0.00885,0.001626,0.012751
303,Equal Weight,EWQ,0.00885,0.001481,0.011616
304,Equal Weight,EWI,0.00885,0.001613,0.012646
305,Equal Weight,EWT,0.00885,0.001363,0.010689
306,Equal Weight,VEA,0.00885,0.001352,0.010606
307,Equal Weight,VWO,0.00885,0.001386,0.010871
308,Equal Weight,TLT,0.00885,-0.00022,-0.001727
309,Equal Weight,IEF,0.00885,-7.1e-05,-0.000558
310,Equal Weight,SHY,0.00885,-3e-06,-2.4e-05
311,Equal Weight,TIP,0.00885,3.9e-05,0.000302
312,Equal Weight,LQD,0.00885,0.0002,0.00157
313,Equal Weight,BIV,0.00885,2.7e-05,0.000208
314,Equal Weight,BND,0.00885,6.2e-05,0.000487
315,Equal Weight,HYG,0.00885,0.000536,0.004206
316,Equal Weight,JNK,0.00885,0.00053,0.004152
317,Equal Weight,EMB,0.00885,0.000491,0.003852
318,Equal Weight,MUB,0.00885,0.0001,0.00078
319,Equal Weight,FLOT,0.00885,0.000121,0.000949
320,Equal Weight,UUP,0.00885,-0.000118,-0.000926
321,Equal Weight,FXE,0.00885,0.000134,0.001051
322,Equal Weight,FXY,0.00885,-0.000119,-0.000931
323,Equal Weight,FXA,0.00885,0.000468,0.003673
324,Equal Weight,FXB,0.00885,0.000262,0.002058
325,Equal Weight,GLD,0.00885,0.000257,0.002016
326,Equal Weight,SLV,0.00885,0.000866,0.006793
327,Equal Weight,PPLT,0.00885,0.00094,0.007372
328,Equal Weight,PALL,0.00885,0.001161,0.009102
329,Equal Weight,CPER,0.00885,0.000935,0.007335
330,Equal Weight,DBB,0.00885,0.000664,0.005211
331,Equal Weight,USO,0.00885,0.001156,0.009064
332,Equal Weight,UNG,0.00885,0.000503,0.003943
333,Equal Weight,UGA,0.00885,0.001184,0.009286
334,Equal Weight,DBA,0.00885,0.000313,0.002454
335,Equal Weight,CORN,0.00885,0.000231,0.001815
336,Equal Weight,WEAT,0.00885,0.000195,0.001527
337,Equal Weight,SOYB,0.00885,0.000315,0.00247
338,Equal Weight,DBC,0.00885,0.000662,0.005192
339,Benchmark (SPY),AAPL,0.0,0.0,0.0
340,Benchmark (SPY),MSFT,0.0,0.0,0.0
341,Benchmark (SPY),GOOGL,0.0,0.0,0.0
342,Benchmark (SPY),AMZN,0.0,0.0,0.0
343,Benchmark (SPY),NVDA,0.0,0.0,0.0
344,Benchmark (SPY),META,0.0,0.0,0.0
345,Benchmark (SPY),TSLA,0.0,0.0,0.0
346,Benchmark (SPY),JPM,0.0,0.0,0.0
347,Benchmark (SPY),XOM,0.0,0.0,0.0
348,Benchmark (SPY),V,0.0,0.0,0.0
349,Benchmark (SPY),UNH,0.0,0.0,0.0
350,Benchmark (SPY),PG,0.0,0.0,0.0
351,Benchmark (SPY),KO,0.0,0.0,0.0
352,Benchmark (SPY),JNJ,0.0,0.0,0.0
353,Benchmark (SPY),WMT,0.0,0.0,0.0
354,Benchmark (SPY),DIS,0.0,0.0,0.0
355,Benchmark (SPY),BAC,0.0,0.0,0.0
356,Benchmark (SPY),CVX,0.0,0.0,0.0
357,Benchmark (SPY),PFE,0.0,0.0,0.0
358,Benchmark (SPY),CSCO,0.0,0.0,0.0
359,Benchmark (SPY),INTC,0.0,0.0,0.0
360,Benchmark (SPY),ORCL,0.0,0.0,0.0
361,Benchmark (SPY),PEP,0.0,0.0,0.0
362,Benchmark (SPY),MCD,0.0,0.0,0.0
363,Benchmark (SPY),NKE,0.0,0.0,0.0
364,Benchmark (SPY),HD,0.0,0.0,0.0
365,Benchmark (SPY),TMO,0.0,0.0,0.0
366,Benchmark (SPY),ABT,0.0,0.0,0.0
367,Benchmark (SPY),LMT,0.0,0.0,0.0
368,Benchmark (SPY),CAT,0.0,0.0,0.0
369,Benchmark (SPY),GS,0.0,0.0,0.0
370,Benchmark (SPY),MS,0.0,0.0,0.0
371,Benchmark (SPY),C,0.0,0.0,0.0
372,Benchmark (SPY),IBM,0.0,0.0,0.0
373,Benchmark (SPY),MMM,0.0,0.0,0.0
374,Benchmark (SPY),WFC,0.0,0.0,0.0
375,Benchmark (SPY),TXN,0.0,0.0,0.0
376,Benchmark (SPY),QCOM,0.0,0.0,0.0
377,Benchmark (SPY),COST,0.0,0.0,0.0
378,Benchmark (SPY),VZ,0.0,0.0,0.0
379,Benchmark (SPY),MRK,0.0,0.0,0.0
380,Benchmark (SPY),SPY,1.0,0.16624,1.0
381,Benchmark (SPY),QQQ,0.0,0.0,0.0
382,Benchmark (SPY),IWM,0.0,0.0,0.0
383,Benchmark (SPY),XLE,0.0,0.0,0.0
384,Benchmark (SPY),XLF,0.0,0.0,0.0
385,Benchmark (SPY),XLK,0.0,0.0,0.0
386,Benchmark (SPY),XLV,0.0,0.0,0.0
387,Benchmark (SPY),XLP,0.0,0.0,0.0
388,Benchmark (SPY),XLY,0.0,0.0,0.0
389,Benchmark (SPY),XLI,0.0,0.0,0.0
390,Benchmark (SPY),XLB,0.0,0.0,0.0
391,Benchmark (SPY),XLU,0.0,0.0,0.0
392,Benchmark (SPY),VTV,0.0,0.0,0.0
393,Benchmark (SPY),VUG,0.0,0.0,0.0
394,Benchmark (SPY),VYM,0.0,0.0,0.0
395,Benchmark (SPY),VIG,0.0,0.0,0.0
396,Benchmark (SPY),IWD,0.0,0.0,0.0
397,Benchmark (SPY),IWF,0.0,0.0,0.0
398,Benchmark (SPY),USMV,0.0,0.0,0.0
399,Benchmark (SPY),SPLV,0.0,0.0,0.0
400,Benchmark (SPY),DVY,0.0,0.0,0.0
401,Benchmark (SPY),SMH,0.0,0.0,0.0
402,Benchmark (SPY),XBI,0.0,0.0,0.0
403,Benchmark (SPY),XRT,0.0,0.0,0.0
404,Benchmark (SPY),IYR,0.0,0.0,0.0
405,Benchmark (SPY),EFA,0.0,0.0,0.0
406,Benchmark (SPY),EEM,0.0,0.0,0.0
407,Benchmark (SPY),EWJ,0.0,0.0,0.0
408,Benchmark (SPY),EWZ,0.0,0.0,0.0
409,Benchmark (SPY),FXI,0.0,0.0,0.0
410,Benchmark (SPY),EWH,0.0,0.0,0.0
411,Benchmark (SPY),EWA,0.0,0.0,0.0
412,Benchmark (SPY),EWC,0.0,0.0,0.0
413,Benchmark (SPY),EWU,0.0,0.0,0.0
414,Benchmark (SPY),EWG,0.0,0.0,0.0
415,Benchmark (SPY),EWY,0.0,0.0,0.0
416,Benchmark (SPY),EWQ,0.0,0.0,0.0
417,Benchmark (SPY),EWI,0.0,0.0,0.0
418,Benchmark (SPY),EWT,0.0,0.0,0.0
419,Benchmark (SPY),VEA,0.0,0.0,0.0
420,Benchmark (SPY),VWO,0.0,0.0,0.0
421,Benchmark (SPY),TLT,0.0,-0.0,-0.0
422,Benchmark (SPY),IEF,0.0,-0.0,-0.0
423,Benchmark (SPY),SHY,0.0,-0.0,-0.0
424,Benchmark (SPY),TIP,0.0,0.0,0.0
425,Benchmark (SPY),LQD,0.0,0.0,0.0
426,Benchmark (SPY),BIV,0.0,0.0,0.0
427,Benchmark (SPY),BND,0.0,0.0,0.0
428,Benchmark (SPY),HYG,0.0,0.0,0.0
429,Benchmark (SPY),JNK,0.0,0.0,0.0
430,Benchmark (SPY),EMB,0.0,0.0,0.0
431,Benchmark (SPY),MUB,0.0,0.0,0.0
432,Benchmark (SPY),FLOT,0.0,0.0,0.0
433,Benchmark (SPY),UUP,0.0,-0.0,-0.0
434,Benchmark (SPY),FXE,0.0,0.0,0.0
435,Benchmark (SPY),FXY,0.0,-0.0,-0.0
436,Benchmark (SPY),FXA,0.0,0.0,0.0
437,Benchmark (SPY),FXB,0.0,0.0,0.0
438,Benchmark (SPY),GLD,0.0,0.0,0.0
439,Benchmark (SPY),SLV,0.0,0.0,0.0
440,Benchmark (SPY),PPLT,0.0,0.0,0.0
441,Benchmark (SPY),PALL,0.0,0.0,0.0
442,Benchmark (SPY),CPER,0.0,0.0,0.0
443,Benchmark (SPY),DBB,0.0,0.0,0.0
444,Benchmark (SPY),USO,0.0,0.0,0.0
445,Benchmark (SPY),UNG,0.0,0.0,0.0
446,Benchmark (SPY),UGA,0.0,0.0,0.0
447,Benchmark (SPY),DBA,0.0,0.0,0.0
448,Benchmark (SPY),CORN,0.0,0.0,0.0
449,Benchmark (SPY),WEAT,0.0,0.0,0.0
450,Benchmark (SPY),SOYB,0.0,0.0,0.0
451,Benchmark (SPY),DBC,0.0,0.0,0.0
