,Scenario,Portfolio,Total_Return,Max_Drawdown
0,COVID crash (2020),Max Sharpe,-0.231393,-0.24898
1,COVID crash (2020),Min Variance,0.008746,-0.010434
2,COVID crash (2020),Equal Weight,-0.285456,-0.289462
3,COVID crash (2020),Benchmark (SPY),-0.334003,-0.337173
4,2022 rate shock,Max Sharpe,-0.203022,-0.248536
5,2022 rate shock,Min Variance,-0.007736,-0.010115
6,2022 rate shock,Equal Weight,-0.165555,-0.175045
7,2022 rate shock,Benchmark (SPY),-0.240592,-0.244964
8,Q4 2018 selloff,Max Sharpe,-0.216545,-0.235303
9,Q4 2018 selloff,Min Variance,0.005614,-0.000934
10,Q4 2018 selloff,Equal Weight,-0.12777,-0.131789
11,Q4 2018 selloff,Benchmark (SPY),-0.189225,-0.192032
12,Oil crash (2014-16),Max Sharpe,0.157733,-0.115659
13,Oil crash (2014-16),Min Variance,-0.003019,-0.005748
14,Oil crash (2014-16),Equal Weight,-0.099361,-0.141368
15,Oil crash (2014-16),Benchmark (SPY),-0.035809,-0.130229
16,2023 banking stress,Max Sharpe,0.103957,-0.032454
17,2023 banking stress,Min Variance,0.006165,-0.001776
18,2023 banking stress,Equal Weight,-0.010813,-0.063971
19,2023 banking stress,Benchmark (SPY),0.011003,-0.075387
