,Conditional_Vol,Forecast_Vol,Persistence,Realized_Vol_60d,Forecast_vs_Realized,Regime,Name
INTC,0.769261,0.761539,0.999701,0.719598,1.058284,Normal,Intel Corp.
TSLA,0.460773,0.483165,0.990749,0.496219,0.973693,Normal,Tesla Inc.
UNG,0.455583,0.468632,0.996175,0.341754,1.371255,Elevated,Natural Gas ETF
META,0.461009,0.456624,0.997228,0.478255,0.95477,Normal,Meta Platforms Inc.
ORCL,0.415747,0.447958,0.982286,0.559397,0.800787,Calm,Oracle Corp.
USO,0.455161,0.43852,0.988676,0.524192,0.836564,Calm,Crude Oil ETF
UGA,0.449707,0.43453,0.986865,0.404699,1.073711,Normal,Gasoline ETF
QCOM,0.49467,0.424988,0.927547,0.464377,0.915179,Normal,Qualcomm Inc.
NVDA,0.311512,0.384952,0.95127,0.387552,0.99329,Normal,NVIDIA Corp.
EWY,0.397627,0.381624,0.979962,0.593697,0.642793,Calm,South Korea ETF
SLV,0.38752,0.37342,0.993142,0.384328,0.971618,Normal,Silver ETF
PALL,0.381393,0.371198,0.990635,0.418661,0.886631,Normal,Palladium ETF
IBM,0.369454,0.351517,0.985332,0.612621,0.573792,Calm,IBM Corp.
PPLT,0.345753,0.335767,0.99606,0.35611,0.942875,Normal,Platinum ETF
TXN,0.287092,0.317759,0.990554,0.32806,0.9686,Normal,Texas Instruments Inc.
NKE,0.261444,0.316331,0.851873,0.296809,1.065773,Normal,NIKE Inc.
AMZN,0.237206,0.310443,0.914701,0.420045,0.739072,Calm,Amazon.com Inc.
SMH,0.288777,0.294447,0.987893,0.387112,0.760625,Calm,Semiconductor ETF
CAT,0.277373,0.283705,0.977557,0.341561,0.830612,Calm,Caterpillar Inc.
CSCO,0.228854,0.283049,0.923528,0.332584,0.851062,Normal,Cisco Systems Inc.
XBI,0.282515,0.282231,0.980512,0.291808,0.967179,Normal,Biotech ETF
EWZ,0.241193,0.275399,0.979116,0.233888,1.177481,Elevated,Brazil ETF
MS,0.262112,0.273503,0.937437,0.265707,1.029342,Normal,Morgan Stanley
CPER,0.262584,0.273346,0.981324,0.230913,1.183764,Elevated,Copper ETF
GOOGL,0.259301,0.270796,0.943936,0.347944,0.778277,Calm,Alphabet Inc.
DIS,0.264316,0.263785,0.981266,0.2639,0.999566,Normal,Walt Disney Co.
BAC,0.259103,0.262261,0.933626,0.204317,1.283601,Elevated,Bank of America Corp.
C,0.252589,0.259808,0.975134,0.270524,0.960386,Normal,Citigroup Inc.
GS,0.261348,0.259617,0.955721,0.355792,0.729688,Calm,Goldman Sachs Group Inc.
TMO,0.271017,0.255116,0.943582,0.289014,0.88271,Normal,Thermo Fisher Scientific Inc.
MMM,0.253678,0.253334,0.999642,0.254178,0.996681,Normal,3M Co.
AAPL,0.239241,0.251781,0.95146,0.27256,0.923761,Normal,Apple Inc.
MSFT,0.233695,0.25108,0.938743,0.40188,0.624764,Calm,Microsoft Corp.
WFC,0.25169,0.249128,0.990965,0.23252,1.071427,Normal,Wells Fargo & Co.
EWT,0.217553,0.248731,0.965343,0.331142,0.751132,Calm,Taiwan ETF
UNH,0.214077,0.235546,0.985921,0.214442,1.098416,Normal,UnitedHealth Group Inc.
WEAT,0.235419,0.234205,0.974645,0.27982,0.836985,Calm,Wheat ETF
XOM,0.235556,0.230709,0.995112,0.246571,0.935668,Normal,Exxon Mobil Corp.
EWI,0.234868,0.227168,0.963383,0.150809,1.506326,Elevated,Italy ETF
FXI,0.184475,0.223124,0.974231,0.170095,1.311762,Elevated,China Large-Cap ETF
JPM,0.218137,0.222609,0.944757,0.182063,1.222706,Elevated,JPMorgan Chase & Co.
ABT,0.22165,0.219235,0.948149,0.315244,0.695445,Calm,Abbott Laboratories
CVX,0.21875,0.218357,0.984405,0.234481,0.931235,Normal,Chevron Corp.
MRK,0.221996,0.217868,0.897982,0.345432,0.630712,Calm,Merck & Co. Inc.
HD,0.224144,0.217781,0.967559,0.238078,0.91475,Normal,Home Depot Inc.
GLD,0.229107,0.214083,0.981789,0.248527,0.861406,Normal,Gold ETF
WMT,0.233667,0.211051,0.852959,0.27793,0.759367,Calm,Walmart Inc.
EWQ,0.213168,0.209183,0.95891,0.135565,1.543041,Elevated,France ETF
XLE,0.207068,0.207065,0.993348,0.209937,0.986322,Normal,Energy Sector ETF
LMT,0.208076,0.205949,0.971309,0.309482,0.665463,Calm,Lockheed Martin Corp.
V,0.191923,0.201474,0.962329,0.186306,1.081411,Normal,Visa Inc.
EWH,0.153571,0.196654,0.958313,0.160695,1.223773,Elevated,Hong Kong ETF
COST,0.191403,0.193202,0.944378,0.181408,1.065014,Normal,Costco Wholesale Corp.
EEM,0.187205,0.192621,0.963686,0.236065,0.815964,Calm,MSCI Emerging Markets ETF
VZ,0.184472,0.189033,0.857751,0.235433,0.802919,Calm,Verizon Communications Inc.
CORN,0.189883,0.188539,0.97402,0.186587,1.010462,Normal,Corn ETF
EWJ,0.180009,0.188398,0.983917,0.203004,0.92805,Normal,Japan ETF
MCD,0.208067,0.187131,0.929483,0.208966,0.895509,Normal,McDonald's Corp.
DBC,0.190556,0.185023,0.986478,0.218136,0.848202,Calm,Diversified Commodity ETF
PFE,0.161149,0.184464,0.975946,0.187887,0.981782,Normal,Pfizer Inc.
EWA,0.172401,0.183826,0.957615,0.164989,1.114169,Normal,Australia ETF
XLK,0.173159,0.183211,0.982126,0.257652,0.711079,Calm,Technology Sector ETF
XRT,0.174681,0.181672,0.981385,0.197849,0.918234,Normal,Retail ETF
EWG,0.167658,0.177931,0.969866,0.136651,1.302084,Elevated,Germany ETF
DBB,0.178346,0.17587,0.968719,0.149429,1.176947,Elevated,Base Metals ETF
JNJ,0.181801,0.175192,0.934488,0.202656,0.864479,Normal,Johnson & Johnson
PG,0.18286,0.175082,0.945708,0.16336,1.071759,Normal,Procter & Gamble Co.
XLF,0.151856,0.166479,0.924039,0.12027,1.384209,Elevated,Financials Sector ETF
PEP,0.170293,0.165287,0.956614,0.1814,0.911171,Normal,PepsiCo Inc.
QQQ,0.148231,0.164986,0.971045,0.188125,0.877003,Normal,Nasdaq-100 ETF
VWO,0.145174,0.161673,0.957,0.142898,1.131389,Normal,Emerging Markets ETF
SOYB,0.160323,0.159661,0.978722,0.156795,1.018276,Normal,Soybean ETF
VEA,0.146178,0.159631,0.972684,0.152754,1.045026,Normal,Developed Markets ETF
XLY,0.144799,0.158712,0.983298,0.190975,0.831059,Calm,Consumer Discretionary Sector ETF
XLB,0.147303,0.15832,0.960718,0.161733,0.978898,Normal,Materials Sector ETF
IWM,0.137093,0.156342,0.973425,0.130578,1.197309,Elevated,Russell 2000 ETF
EWU,0.151153,0.155675,0.956422,0.111197,1.399991,Elevated,United Kingdom ETF
EFA,0.143274,0.154911,0.968669,0.129414,1.197018,Elevated,MSCI EAFE International ETF
XLI,0.146754,0.154374,0.95193,0.144996,1.064679,Normal,Industrials Sector ETF
XLU,0.152731,0.15138,0.981424,0.137975,1.097149,Normal,Utilities Sector ETF
VUG,0.130806,0.151357,0.979846,0.162229,0.932985,Normal,Vanguard Growth ETF
IWF,0.130414,0.150465,0.979685,0.180147,0.835233,Calm,Russell 1000 Growth ETF
KO,0.14497,0.149261,0.972526,0.201059,0.742372,Calm,Coca-Cola Co.
XLV,0.147244,0.144271,0.958936,0.170488,0.846222,Calm,Health Care Sector ETF
EWC,0.133471,0.142778,0.977709,0.119959,1.190216,Elevated,Canada ETF
IYR,0.131389,0.137333,0.978347,0.121708,1.128377,Normal,US Real Estate ETF
XLP,0.129357,0.125879,0.952051,0.152582,0.824992,Calm,Consumer Staples Sector ETF
SPY,0.101681,0.125858,0.958462,0.111008,1.133773,Normal,S&P 500 ETF
DVY,0.109523,0.120297,0.959618,0.107445,1.119621,Normal,Select Dividend ETF
IWD,0.098275,0.119807,0.942353,0.088293,1.356935,Elevated,Russell 1000 Value ETF
VYM,0.100586,0.119466,0.950524,0.082548,1.447237,Elevated,Vanguard High Dividend Yield ETF
DBA,0.121116,0.119424,0.982328,0.127677,0.935356,Normal,Agriculture ETF
TLT,0.118108,0.11921,0.984537,0.099727,1.195369,Elevated,20+ Year Treasury Bond ETF
VTV,0.102551,0.117989,0.939555,0.081027,1.456157,Elevated,Vanguard Value ETF
VIG,0.097227,0.115286,0.951343,0.085513,1.348161,Elevated,Vanguard Dividend Appreciation ETF
SPLV,0.096926,0.107339,0.948462,0.094631,1.134294,Normal,S&P 500 Low Volatility ETF
USMV,0.085533,0.097836,0.955042,0.086957,1.125106,Normal,MSCI USA Min Volatility ETF
FXY,0.092928,0.091622,0.985097,0.101958,0.89863,Normal,Japanese Yen Trust
EMB,0.083372,0.083931,0.989077,0.057751,1.453325,Elevated,Emerging Markets Bond ETF
FXA,0.074542,0.077348,0.988471,0.065085,1.18841,Elevated,Australian Dollar Trust
MUB,0.08191,0.074167,0.981653,0.045732,1.621774,Elevated,Municipal Bond ETF
LQD,0.073499,0.071018,0.987165,0.059701,1.189565,Elevated,Investment-Grade Corporate Bond ETF
FXB,0.061346,0.068149,0.979005,0.052131,1.307254,Elevated,British Pound Trust
IEF,0.064123,0.063134,0.987316,0.052246,1.208412,Elevated,7-10 Year Treasury Bond ETF
UUP,0.056277,0.057677,0.988689,0.052813,1.092094,Normal,US Dollar Index ETF
FXE,0.054366,0.055574,0.993172,0.046427,1.197021,Elevated,Euro Currency Trust
BIV,0.056788,0.055116,0.985795,0.045656,1.207201,Elevated,Intermediate-Term Bond ETF
JNK,0.053073,0.054414,0.994013,0.033592,1.619825,Elevated,High-Yield Bond ETF
BND,0.054983,0.052683,0.985451,0.043376,1.214561,Elevated,Total Bond Market ETF
HYG,0.049509,0.051598,0.993988,0.032731,1.576397,Elevated,High-Yield Corporate Bond ETF
TIP,0.05211,0.051403,0.98358,0.038188,1.34607,Elevated,Inflation-Protected Bond ETF
SHY,0.019296,0.017139,0.98,0.014769,1.160465,Elevated,1-3 Year Treasury Bond ETF
FLOT,0.008912,0.016019,0.983811,0.005655,2.832407,Elevated,Floating Rate Bond ETF
